route_id,OD_id,o_node_id,d_node_id,route_node,route_flow
0,0,97835127,97834824,"[97835127, 97834909, 633562896, 97834824]",5
1,0,97835127,633562897,"[97835127, 97834909, 633562896, 97834824, 97834765, 95663524, 633562897]",1
2,0,97835127,97834765,"[97835127, 97834909, 633562896, 97834824, 97834765]",3
3,1,97835127,95663499,"[97835127, 97834909, 633562896, 97834824, 97834765, 95663499]",1
4,2,97834909,633562896,"[97834909, 633562896, 97834824, 97834765, 95663524, 633562897, 633562896]",3
5,2,97834909,97839360,"[97834909, 97839355, 97839360]",1
6,3,97834909,635132981,"[97834909, 633562896, 97834824, 97834834, 95663474, 962356740, 31179466, 962356923, 962356785, 962356657, 95663472, 635132981]",5
7,4,97834909,95663398,"[97834909, 633562896, 97834824, 97834834, 95663474, 962356740, 31179466, 962356923, 962356785, 962356738, 3879024943, 3879024939, 95663461, 95663464, 962356674, 95663392, 95663400, 95663398]",1
8,5,97834909,95663392,"[97834909, 633562896, 97834824, 97834834, 95663474, 962356740, 31179466, 962356923, 962356785, 962356738, 3879024943, 3879024939, 95663461, 95663464, 962356674, 95663392]",3
9,6,97834909,961530639,"[97834909, 633562896, 97834824, 97834834, 95663474, 962356740, 31179466, 962356923, 962356785, 962356738, 3879024943, 3879024939, 95663461, 95663464, 962356674, 95663392, 95663402, 961530806, 961530639]",1
10,7,95663389,95663377,"[95663389, 95663493, 844627879, 95663418, 95663527, 95663492, 95663376, 95663377]",2
11,8,95663389,95663386,"[95663389, 95663493, 844627879, 95663418, 95663527, 8253823131, 962356923, 962356608, 300398465, 95663385, 95663386]",1
12,9,95663493,31179468,"[95663493, 95663375, 6693568141, 31179468]",1
13,10,844627879,95663376,"[844627879, 95663418, 95663527, 95663492, 95663376]",5
14,10,6693568141,95663376,"[6693568141, 95663375, 844627879, 95663418, 95663527, 95663492, 95663376]",1
15,10,6693568141,95663376,"[6693568141, 95663375, 844627879, 95663418, 95663527, 8253823131, 962356923, 962356608, 300398465, 95663385, 95663376]",1
16,10,95663375,95663376,"[95663375, 844627879, 95663418, 95663527, 8253823131, 962356923, 962356608, 300398465, 95663385, 95663376]",2
17,11,95663493,300398465,"[95663493, 844627879, 95663418, 95663527, 8253823131, 962356923, 962356608, 300398465]",6
18,11,6693568141,962356671,"[6693568141, 95663375, 844627879, 95663418, 95663527, 8253823131, 962356923, 962356608, 300398465, 962356671]",2
19,11,95663493,300398465,"[95663493, 95663375, 844627879, 95663418, 95663527, 8253823131, 962356923, 962356608, 300398465]",1
20,11,6693568141,300398465,"[6693568141, 95663375, 844627879, 95663418, 95663527, 8253823131, 962356923, 962356785, 962356738, 3879024943, 3879024939, 95663433, 95663426, 300398465]",1
21,12,95663493,95663420,"[95663493, 844627879, 95663418, 95663527, 8253823131, 962356923, 962356608, 300398465, 95663420]",3
22,12,6693568141,95663420,"[6693568141, 95663375, 844627879, 95663418, 95663527, 8253823131, 962356923, 962356608, 300398465, 95663420]",46
23,12,6693568141,95663420,"[6693568141, 95663375, 844627879, 95663418, 95663527, 8253823131, 962356923, 962356608, 962356671, 95663492, 95663418, 95663527, 8253823131, 962356923, 962356608, 300398465, 95663420]",1
24,12,95663375,95663420,"[95663375, 844627879, 95663418, 95663527, 8253823131, 962356923, 962356608, 300398465, 95663420]",47
25,13,6693568141,97788594,"[6693568141, 95663375, 844627879, 95663418, 95663527, 8253823131, 962356923, 962356785, 962356738, 3879024943, 3879024939, 95663433, 95663454, 97788192, 6356544246, 97788594]",2
26,13,6693568141,3731648988,"[6693568141, 95663375, 844627879, 95663418, 95663527, 8253823131, 962356923, 962356608, 300398465, 95663420, 250714052, 3731648988]",1
27,13,6693568141,250714052,"[6693568141, 95663375, 844627879, 95663418, 95663527, 8253823131, 962356923, 962356608, 300398465, 95663420, 250714052]",19
28,14,95663502,962356608,"[95663502, 95663418, 95663527, 8253823131, 962356923, 962356608]",2
29,15,97834824,97835127,"[97834824, 97834765, 95663499, 95663501, 95663524, 633562897, 7248584892, 97835127]",1
30,15,97834824,7248584892,"[97834824, 97834765, 95663524, 633562897, 7248584892]",9
31,15,97834824,97835127,"[97834824, 97834765, 95663524, 633562897, 7248584892, 97835127]",3
32,15,97834824,7248584892,"[97834824, 97834834, 95663474, 95663499, 95663501, 95663524, 633562897, 7248584892]",1
33,15,633562897,7248584892,"[633562897, 7248584892]",108
34,16,97834824,95663499,"[97834824, 97834765, 95663499]",3
35,16,97834824,95663474,"[97834824, 97834834, 95663474]",11
36,16,97834765,95663499,"[97834765, 95663499]",4
37,17,633562896,635132981,"[633562896, 97834824, 97834834, 95663474, 962356740, 31179466, 962356923, 962356785, 962356657, 95663472, 635132981]",6
38,17,97834829,635132981,"[97834829, 97834834, 95663474, 962356740, 31179466, 962356923, 962356608, 300398465, 95663420, 962356679, 95663454, 95663467, 962356840, 95663464, 95663463, 95663472, 635132981]",1
39,17,97834829,635132981,"[97834829, 97834834, 95663474, 95663499, 95663501, 95663502, 95663418, 95663527, 8253823131, 962356923, 962356785, 962356657, 95663472, 635132981]",2
40,17,95663490,635132981,"[95663490, 97834829, 97834834, 95663474, 962356740, 31179466, 962356923, 962356785, 962356657, 95663472, 635132981]",1
41,17,97834829,635132981,"[97834829, 97834834, 95663474, 962356740, 31179466, 962356923, 962356785, 962356657, 95663472, 635132981]",10
42,18,97834829,95663392,"[97834829, 97834834, 95663474, 962356740, 31179466, 962356923, 962356785, 962356738, 3879024943, 3879024939, 95663461, 95663464, 962356674, 95663392]",6
43,19,97834829,961530639,"[97834829, 97834834, 95663474, 962356740, 31179466, 962356923, 962356785, 962356738, 3879024943, 3879024939, 95663461, 95663464, 962356674, 95663392, 95663402, 961530806, 961530639]",3
44,19,97834829,97788213,"[97834829, 97834834, 95663474, 962356740, 31179466, 962356923, 962356785, 962356738, 3879024943, 3879024939, 95663461, 95663464, 962356674, 95663392, 95663402, 961530806, 961530639, 97788213]",2
45,20,1003481221,363357735,"[1003481221, 7214467394, 363357735, 250714051, 262236447, 250720871, 7214467394, 363357735]",2
46,20,1003481221,363357735,"[1003481221, 7214467394, 363357735]",86
47,21,1003481221,250700248,"[1003481221, 7214467394, 363357735, 250700142, 250700344, 250700248]",23
48,22,250720872,250720873,"[250720872, 250720873]",66
49,23,95663377,250720874,"[95663377, 250720872, 250720873, 250720874]",1
50,24,95663377,95663389,"[95663377, 250720872, 250720873, 95663389]",1
51,25,95663376,6693568141,"[95663376, 95663493, 95663375, 95663504, 6693568141]",7
52,25,95663376,844627879,"[95663376, 95663493, 844627879]",4
53,25,95663376,6693568141,"[95663376, 95663493, 95663375, 6693568141]",24
54,25,95663376,95663375,"[95663376, 95663493, 95663375]",25
55,26,95663376,250714052,"[95663376, 95663493, 844627879, 95663418, 95663527, 8253823131, 962356923, 962356785, 962356738, 3879024943, 3879024939, 95663433, 95663426, 300398465, 962356671, 95663492, 95663418, 95663527, 8253823131, 962356923, 962356608, 300398465, 95663420, 250714052]",1
56,27,95663527,95663426,"[95663527, 8253823131, 962356923, 962356785, 962356738, 3879024943, 3879024939, 95663433, 95663426]",3
57,28,95663418,97788192,"[95663418, 95663527, 8253823131, 962356923, 962356785, 962356738, 3879024943, 3879024939, 95663433, 95663454, 97788192]",6
58,29,95663527,6356544245,"[95663527, 8253823131, 962356923, 962356785, 962356738, 3879024943, 3879024939, 95663433, 95663454, 97788192, 6356544246, 6356544245]",4
59,29,95663418,6356544245,"[95663418, 95663527, 8253823131, 962356923, 962356785, 962356738, 3879024943, 3879024939, 95663433, 95663454, 97788192, 6356544246, 6356544245]",3
60,29,8253823131,6356544245,"[8253823131, 962356923, 962356785, 962356738, 3879024943, 3879024939, 95663433, 95663454, 97788192, 6356544246, 6356544245]",6
61,29,95663492,6356544245,"[95663492, 95663418, 95663527, 8253823131, 962356923, 962356785, 962356738, 3879024943, 3879024939, 95663433, 95663454, 97788192, 6356544246, 6356544245]",1
62,30,95663499,97835127,"[95663499, 95663501, 95663524, 633562897, 7248584892, 97835127]",4
63,30,95663474,97835127,"[95663474, 95663499, 95663501, 95663524, 633562897, 7248584892, 97835127]",1
64,30,95663474,7248584892,"[95663474, 95663499, 95663501, 95663524, 633562897, 7248584892]",3
65,30,95663499,7248584892,"[95663499, 95663501, 95663524, 633562897, 7248584892]",9
66,31,95663474,95663472,"[95663474, 962356740, 31179466, 962356923, 962356785, 962356657, 95663472]",28
67,32,635132991,633562896,"[635132991, 95663474, 95663499, 95663501, 95663524, 633562897, 633562896]",1
68,33,635132991,635132981,"[635132991, 95663474, 962356740, 31179466, 962356923, 962356785, 962356657, 95663472, 635132981]",11
69,34,635132991,95663402,"[635132991, 95663474, 962356740, 31179466, 962356923, 962356785, 962356738, 3879024943, 3879024939, 95663461, 95663464, 962356674, 95663392, 95663402]",1
70,35,97846098,97846091,"[97846098, 97846091]",121
71,36,97846098,8426856005,"[97846098, 97846091, 8426856005]",106
72,37,7214467394,1003481221,"[7214467394, 363357735, 250714051, 262236447, 250720871, 7214467394, 1003481221]",2
73,37,7214467394,1003481221,"[7214467394, 1003481221]",96
74,38,7214467394,363357735,"[7214467394, 363357735]",241
75,39,7214467394,250700248,"[7214467394, 363357735, 250700142, 250700344, 250700248]",57
76,40,250720871,250720873,"[250720871, 250720872, 250720873]",47
77,41,250720871,250720872,"[250720871, 250720872]",173
78,42,95663386,250720874,"[95663386, 250720871, 250720872, 250720873, 250720874]",11
79,43,95663386,95663389,"[95663386, 250720871, 250720872, 250720873, 95663389]",4
80,44,95663386,95663422,"[95663386, 95663423, 95663422]",17
81,44,95663386,95663423,"[95663386, 95663423]",30
82,44,95663386,95663422,"[95663386, 95663423, 95663422, 95663420, 250714052, 3731648988, 250714050, 95663422]",1
83,45,95663386,250714050,"[95663386, 95663423, 95663422, 95663420, 250714052, 250714050]",2
84,46,95663386,250700085,"[95663386, 95663423, 95663422, 95663420, 250714052, 3731648988, 250713539, 250700085]",2
85,46,95663386,250713539,"[95663386, 95663423, 95663422, 95663420, 250714052, 3731648988, 250713539]",9
86,47,300398465,6693568141,"[300398465, 95663420, 962356679, 95663454, 95663467, 962356840, 95663464, 95663461, 3879024939, 3879024943, 962356657, 31179466, 97834761, 8253823131, 95663527, 95663418, 844627879, 95663375, 6693568141]",1
87,47,962356671,6693568141,"[962356671, 95663492, 95663418, 844627879, 95663375, 6693568141]",2
88,48,300398465,95663376,"[300398465, 95663420, 962356679, 95663454, 95663467, 962356840, 95663464, 95663461, 95663433, 95663426, 300398465, 962356671, 95663492, 95663376]",1
89,48,300398465,95663376,"[300398465, 95663385, 95663376]",5
90,49,300398465,95663420,"[300398465, 95663420]",124
91,50,300398465,3731648988,"[300398465, 95663420, 250714052, 3731648988]",9
92,50,300398465,250714052,"[300398465, 95663420, 962356679, 95663454, 97788192, 516020524, 250714052]",1
93,50,300398465,250714052,"[300398465, 95663420, 250714052]",47
94,51,962356923,6356544245,"[962356923, 962356608, 300398465, 95663420, 962356679, 95663454, 97788192, 6356544246, 6356544245]",1
95,52,3879024939,95663467,"[3879024939, 95663433, 95663454, 95663467]",1
96,53,97846091,8426856005,"[97846091, 8426856005]",127
97,54,262236447,250720873,"[262236447, 250720871, 250720872, 250720873]",25
98,55,262236447,250720872,"[262236447, 250720871, 250720872]",101
99,55,262236447,250720872,"[262236447, 95663423, 95663422, 95663420, 962356679, 95663454, 97788192, 516020524, 250714052, 250714050, 250714051, 262236447, 250720871, 250720872]",1
100,56,262236447,250720871,"[262236447, 250720871, 7214467394, 363357735, 250714051, 262236447, 250720871]",6
101,56,262236447,250720871,"[262236447, 250720871]",156
102,57,262236447,250714051,"[262236447, 95663423, 95663422, 95663420, 250714052, 250714050, 250714051]",3
103,58,262236447,388172082,"[262236447, 95663423, 95663422, 95663420, 250714052, 3731648988, 250713539, 250700085, 250700084, 388172051, 388172082]",1
104,58,262236447,388172051,"[262236447, 95663423, 95663422, 95663420, 250714052, 3731648988, 250713539, 250700085, 250700084, 388172051]",6
105,58,262236447,250700084,"[262236447, 95663423, 95663422, 95663420, 250714052, 3731648988, 250713539, 250700085, 250700084]",11
106,59,262236447,250708556,"[262236447, 95663423, 95663422, 95663420, 250714052, 3731648988, 250713539, 250700085, 250700084, 250700083, 250699362, 250708641, 250708556]",2
107,60,95663422,95663386,"[95663422, 95663385, 95663386]",3
108,60,95663422,95663386,"[95663422, 95663420, 962356679, 95663426, 300398465, 95663385, 95663386]",2
109,61,95663423,250713539,"[95663423, 95663422, 95663420, 250714052, 3731648988, 250713539]",21
110,61,95663422,250700085,"[95663422, 95663420, 250714052, 3731648988, 250713539, 250700085]",14
111,62,95663420,6693568141,"[95663420, 962356679, 95663426, 688786344, 962356785, 962356657, 31179466, 97834761, 8253823131, 95663527, 95663418, 844627879, 95663375, 95663504, 6693568141]",1
112,62,95663420,6693568141,"[95663420, 962356679, 95663454, 95663467, 962356840, 95663464, 95663461, 3879024939, 3879024943, 962356657, 31179466, 97834761, 8253823131, 95663527, 95663418, 844627879, 95663375, 6693568141]",2
113,62,95663420,6693568141,"[95663420, 962356679, 95663426, 688786344, 962356785, 962356657, 31179466, 97834761, 8253823131, 95663527, 95663418, 844627879, 95663375, 6693568141]",4
114,63,95663420,95663385,"[95663420, 962356679, 95663426, 300398465, 95663385]",3
115,64,95663420,250714052,"[95663420, 250714052]",82
116,64,95663420,3731648988,"[95663420, 250714052, 3731648988]",35
117,65,962356679,95663454,"[962356679, 95663454]",16
118,65,962356679,95663454,"[962356679, 95663426, 688786344, 962356738, 3879024943, 3879024939, 95663433, 95663454]",1
119,66,962356679,6356544245,"[962356679, 95663454, 97788192, 6356544246, 6356544245]",3
120,67,95663464,95663472,"[95663464, 95663463, 95663472]",11
121,67,95663433,3879024943,"[95663433, 95663426, 688786344, 962356738, 3879024943]",2
122,68,95663433,95663467,"[95663433, 95663454, 95663467]",5
123,69,962356674,97788195,"[962356674, 95663392, 95663402, 961530806, 961530639, 97788213, 97788195]",2
124,70,95663398,635132981,"[95663398, 95663463, 95663461, 3879024939, 3879024943, 962356657, 95663472, 635132981]",4
125,70,95663398,635132981,"[95663398, 95663463, 95663472, 635132981]",20
126,71,95663398,97788213,"[95663398, 95663463, 95663461, 95663464, 962356674, 95663392, 95663402, 961530806, 961530639, 97788213]",1
127,72,6693647611,250702474,"[6693647611, 250691664, 250702474]",9
128,72,250700344,250702474,"[250700344, 250691664, 250702474]",16
129,72,250700142,250702474,"[250700142, 250700344, 250691664, 250702474]",6
130,73,363357735,250663746,"[363357735, 250714051, 262236447, 250720871, 250720872, 250663746]",3
131,74,363357735,7214467394,"[363357735, 250714051, 262236447, 250720871, 7214467394]",6
132,75,363357735,250700248,"[363357735, 250700142, 250700344, 250700248]",63
133,76,250714051,250720873,"[250714051, 262236447, 250720871, 250720872, 250720873]",10
134,77,250714051,250720872,"[250714051, 262236447, 250720871, 250720872]",69
135,78,250714051,262236447,"[250714051, 262236447]",121
136,79,250714050,95663386,"[250714050, 95663422, 95663420, 962356679, 95663426, 300398465, 95663385, 95663386]",1
137,80,250714050,95663422,"[250714050, 95663422, 95663420, 250714052, 3731648988, 250714050, 95663422]",2
138,80,250714050,95663422,"[250714050, 95663422]",47
139,80,250714050,95663422,"[250714050, 95663422, 95663420, 250714052, 250714050, 95663422]",10
140,81,95663454,6356544246,"[95663454, 97788192, 6356544246]",21
141,81,95663454,6356544245,"[95663454, 97788192, 6356544246, 6356544245]",17
142,82,95663467,95663464,"[95663467, 962356840, 95663464]",27
143,83,95663402,635132981,"[95663402, 961530806, 961530639, 97788213, 97788195, 95663467, 962356840, 95663464, 95663463, 95663472, 635132981]",2
144,83,95663392,635132981,"[95663392, 95663402, 961530806, 961530639, 97788213, 97788195, 95663467, 962356840, 95663464, 95663463, 95663472, 635132981]",1
145,84,95663392,95663398,"[95663392, 95663400, 95663398]",3
146,84,95663402,95663398,"[95663402, 961530806, 961530639, 97788213, 95663402, 95663400, 95663398]",1
147,84,95663400,95663398,"[95663400, 95663398]",21
148,84,95663402,95663398,"[95663402, 95663400, 95663398]",14
149,84,95663392,95663398,"[95663392, 95663402, 95663400, 95663398]",1
150,85,358465904,97797098,"[358465904, 95663394, 97788216, 97788210, 97797184, 97797196, 97797098]",15
151,85,358465904,97797196,"[358465904, 95663394, 97788216, 97788210, 97797184, 97797196]",19
152,85,358465904,97797102,"[358465904, 95663394, 97788216, 97788210, 97797102]",80
153,86,95663394,635444052,"[95663394, 97788216, 97788210, 97797184, 97797196, 97797098, 358464213, 358464212, 358464049, 358464040, 358464027, 358464018, 358464012, 635444052]",14
154,86,95663394,635444052,"[95663394, 97788216, 97788210, 97797102, 6694885344, 515962403, 4056070360, 358464212, 358464049, 358464040, 358464027, 358464018, 358464012, 635444052]",89
155,86,358465904,635444052,"[358465904, 95663394, 97788216, 97788210, 97797102, 6694885344, 515962403, 4056070360, 358464212, 358464049, 358464040, 358464027, 358464018, 358464012, 635444052]",78
156,86,358465904,635444052,"[358465904, 95663394, 97788216, 97788210, 97797184, 97797196, 97797098, 358464213, 358464212, 358464049, 358464040, 358464027, 358464018, 358464012, 635444052]",12
157,87,635122987,635122988,"[635122987, 635122988]",1
158,88,262652281,250691666,"[262652281, 250691666]",87
159,89,262652281,250709582,"[262652281, 250691666, 250709582]",60
160,90,262652281,250698924,"[262652281, 250691666, 250709582, 250691668, 250698924]",45
161,91,262652281,250691753,"[262652281, 250691666, 250709582, 250691668, 250691669, 250691670, 250691723, 250691755, 300401360, 250691753]",8
162,91,262652281,300400471,"[262652281, 250691666, 250709582, 250691668, 250691669, 250691670, 250691723, 250691755, 300401360, 250691753, 300400471]",1
163,91,262652281,250691753,"[262652281, 250691666, 250709582, 250691668, 250691669, 250691670, 250691723, 250691755, 250692359, 300401271, 300401174, 250691753]",1
164,92,262652281,250691752,"[262652281, 250691666, 250709582, 250691668, 250691669, 250691670, 250691723, 250691755, 300401360, 250691753, 250691752]",6
165,93,250700248,1003481221,"[250700248, 250714051, 262236447, 250720871, 7214467394, 1003481221]",5
166,93,250700248,250663746,"[250700248, 250714051, 262236447, 250720871, 250720872, 250663746]",33
167,94,250700248,7214467394,"[250700248, 250714051, 262236447, 250720871, 7214467394]",16
168,95,250700248,250700343,"[250700248, 250700343]",131
169,96,250700248,250700083,"[250700248, 250714051, 262236447, 95663423, 95663422, 95663420, 250714052, 3731648988, 250713539, 250700085, 250700084, 250700083]",1
170,97,250707871,388172051,"[250707871, 250700343, 250708051, 250700341, 250700084, 388172051]",3
171,98,516020524,6693568141,"[516020524, 962356679, 95663426, 688786344, 962356785, 962356657, 31179466, 97834761, 8253823131, 95663527, 95663418, 844627879, 95663375, 6693568141]",48
172,98,97788594,95663375,"[97788594, 516020524, 962356679, 95663426, 688786344, 962356785, 962356657, 31179466, 97834761, 8253823131, 95663527, 95663418, 844627879, 95663375]",47
173,98,97788594,6693568141,"[97788594, 516020524, 962356679, 95663426, 688786344, 962356785, 962356657, 31179466, 97834761, 8253823131, 95663527, 95663418, 844627879, 95663375, 6693568141]",45
174,99,97788594,95663376,"[97788594, 516020524, 962356679, 95663426, 300398465, 95663385, 95663376]",1
175,99,516020524,95663376,"[516020524, 962356679, 95663426, 300398465, 962356671, 95663492, 95663376]",1
176,100,250714052,95663385,"[250714052, 250714050, 95663422, 95663385]",21
177,100,3731648988,95663385,"[3731648988, 250714050, 95663422, 95663385]",17
178,100,250714052,95663385,"[250714052, 3731648988, 250714050, 95663422, 95663385]",5
179,100,97788594,95663385,"[97788594, 3731648988, 250714050, 95663422, 95663385]",7
180,100,97788594,300398465,"[97788594, 516020524, 962356679, 95663426, 300398465]",7
181,101,250714052,95663420,"[250714052, 250714050, 95663422, 95663420, 962356679, 95663426, 300398465, 95663420]",1
182,101,97788594,95663420,"[97788594, 516020524, 962356679, 95663426, 300398465, 95663420]",3
183,102,97788192,6356544245,"[97788192, 6356544246, 6356544245]",33
184,102,97788192,6356544246,"[97788192, 6356544246]",39
185,103,97788195,95663463,"[97788195, 95663467, 962356840, 95663464, 95663463]",13
186,103,97788195,962356840,"[97788195, 95663467, 962356840]",34
187,104,961530639,635132981,"[961530639, 97788213, 97788195, 95663467, 962356840, 95663464, 95663463, 95663472, 635132981]",3
188,104,97788213,635132981,"[97788213, 97788195, 95663467, 962356840, 95663464, 95663463, 95663472, 635132981]",8
189,105,97788213,95663398,"[97788213, 95663402, 95663400, 95663398]",6
190,106,97788213,95663402,"[97788213, 95663402]",23
191,106,961530639,95663402,"[961530639, 97788213, 95663402]",16
192,106,97788213,95663400,"[97788213, 95663402, 95663400]",11
193,107,97788216,97797184,"[97788216, 97788210, 97797184]",31
194,107,961530806,97797184,"[961530806, 597677303, 97788202, 97788210, 97797184]",6
195,107,597677303,97797184,"[597677303, 97788202, 97788210, 97797184]",7
196,107,97788210,97797184,"[97788210, 97797184]",58
197,107,97788202,97797184,"[97788202, 97788210, 97797184]",9
198,108,97788202,97797186,"[97788202, 97788210, 97797184, 97797196, 97797186, 97797196, 97797186]",1
199,109,97788210,250713331,"[97788210, 97797102, 6694885344, 515962403, 4056070360, 358464212, 358464049, 358464174, 358464166, 358464040, 358464027, 358464018, 358464012, 250713331]",1
200,109,97788210,250713331,"[97788210, 97797184, 97797196, 97797098, 358464213, 358464212, 358464049, 358464040, 358464027, 358464018, 358464012, 250713331]",1
201,109,961530806,250713331,"[961530806, 597677303, 97788202, 97788210, 97797102, 6694885344, 515962403, 4056070360, 358464212, 358464049, 358464040, 358464027, 358464018, 358464012, 250713331]",1
202,110,358465410,358465167,"[358465410, 358465167]",22
203,111,358465410,635122964,"[358465410, 635122963, 635122964]",21
204,111,635122963,635122964,"[635122963, 635122964]",29
205,112,250691666,250709582,"[250691666, 250709582]",84
206,113,250691666,250698924,"[250691666, 250709582, 250691668, 250698924]",62
207,114,250691666,300400471,"[250691666, 250709582, 250691668, 250691669, 250691670, 250691723, 250691755, 300401360, 250691753, 300400471]",3
208,115,250699983,250700142,"[250699983, 250702474, 250700248, 250714051, 250700142]",5
209,115,250702474,250700344,"[250702474, 250700248, 250714051, 250700142, 250700344]",5
210,116,250702474,250699984,"[250702474, 250699983, 250699984]",23
211,117,250699983,8446047162,"[250699983, 250702474, 250699983, 250699984, 250699362, 599116897, 250699613, 250699359, 8446047162]",14
212,117,250702474,8446047162,"[250702474, 250699983, 250699984, 250699362, 599116897, 250699613, 250699359, 8446047162]",14
213,118,250700341,250707871,"[250700341, 250707871]",9
214,119,250700341,388172051,"[250700341, 250700084, 388172051]",48
215,120,250700341,250708556,"[250700341, 250700084, 250700083, 250699362, 250708641, 250708556]",7
216,121,250700085,250720874,"[250700085, 250700084, 250700083, 250699362, 599116897, 250699613, 250699612, 250698926, 250699982, 250699983, 250702474, 250700248, 250714051, 262236447, 250720871, 250720872, 250720873, 250720874]",2
217,122,250700085,250706959,"[250700085, 250700084, 250700083, 250699362, 250708641, 250706958, 388172075, 250700339, 250706959]",1
218,123,250713539,364104830,"[250713539, 250700085, 250700084, 388172051, 388172082, 250700339, 364104830]",1
219,124,97788686,6693568141,"[97788686, 97788594, 516020524, 962356679, 95663426, 688786344, 962356785, 962356657, 31179466, 97834761, 8253823131, 95663527, 95663418, 844627879, 95663375, 6693568141]",28
220,124,97788686,6693568141,"[97788686, 97788594, 516020524, 962356679, 95663426, 688786344, 962356785, 962356657, 31179466, 97834761, 8253823131, 95663527, 95663418, 844627879, 95663375, 844627879, 95663375, 6693568141]",28
221,124,97788686,95663375,"[97788686, 97788594, 516020524, 962356679, 95663426, 688786344, 962356785, 962356657, 31179466, 97834761, 8253823131, 95663527, 95663418, 844627879, 95663375]",29
222,124,97788686,6693568141,"[97788686, 97788594, 516020524, 962356679, 95663426, 688786344, 962356785, 962356657, 31179466, 97834761, 8253823131, 95663527, 95663418, 844627879, 95663375, 95663504, 6693568141]",1
223,124,97788686,844627879,"[97788686, 97788594, 516020524, 962356679, 95663426, 688786344, 962356785, 962356657, 31179466, 97834761, 8253823131, 95663527, 95663418, 844627879]",31
224,125,97788686,95663385,"[97788686, 97788594, 516020524, 250714052, 250714050, 250714051, 262236447, 95663423, 95663422, 95663385]",1
225,125,97788686,95663385,"[97788686, 97788594, 516020524, 250714052, 250714050, 95663422, 95663385]",4
226,125,97788686,300398465,"[97788686, 97788594, 516020524, 962356679, 95663426, 300398465]",3
227,125,97788686,95663385,"[97788686, 97788594, 3731648988, 250714050, 95663422, 95663385]",3
228,126,97788686,95663420,"[97788686, 97788594, 516020524, 250714052, 250714050, 95663422, 95663420, 250714052, 250714050, 95663422, 95663420]",2
229,126,97788686,95663420,"[97788686, 97788594, 516020524, 962356679, 95663426, 300398465, 95663420]",1
230,126,97788686,95663420,"[97788686, 97788594, 516020524, 250714052, 250714050, 95663422, 95663420]",2
231,127,97788686,3731648988,"[97788686, 97788594, 516020524, 250714052, 3731648988]",1
232,127,97788686,516020524,"[97788686, 97788594, 516020524]",112
233,127,97788686,250714052,"[97788686, 97788594, 516020524, 250714052]",10
234,127,97788686,3731648988,"[97788686, 97788594, 3731648988]",6
235,128,97788686,250706960,"[97788686, 663798587, 250706960]",37
236,129,6356544246,95663426,"[6356544246, 97788594, 516020524, 962356679, 95663426]",1
237,130,6356544246,962356679,"[6356544246, 97788594, 516020524, 962356679]",5
238,131,6356544246,95663454,"[6356544246, 97788594, 516020524, 962356679, 95663454]",1
239,132,97788586,95663472,"[97788586, 97788195, 95663467, 962356840, 95663464, 95663463, 95663472]",1
240,133,97788586,962356840,"[97788586, 97788195, 95663467, 962356840]",24
241,133,97788586,95663461,"[97788586, 97788195, 95663467, 962356840, 95663464, 95663461]",7
242,133,97788586,95663464,"[97788586, 97788195, 95663467, 962356840, 95663464]",13
243,133,97788586,95663463,"[97788586, 97788195, 95663467, 962356840, 95663464, 95663463]",4
244,134,97788586,95663467,"[97788586, 97788195, 95663467]",46
245,135,97788586,97788195,"[97788586, 97788195]",50
246,136,97797184,97797186,"[97797184, 97797196, 97797186]",2
247,137,97797184,250713331,"[97797184, 97797196, 97797098, 358464213, 358464212, 358464049, 358464040, 358464027, 358464018, 358464012, 250713331]",2
248,138,97797098,358464159,"[97797098, 358464213, 358464212, 358464049, 358464040, 358464027, 358464159]",3
249,139,97797098,635444052,"[97797098, 97797102, 6694885344, 515962403, 4056070360, 358464212, 358464049, 358464040, 358464027, 358464018, 358464012, 635444052]",1
250,139,97797098,635444052,"[97797098, 358464213, 358464212, 358464049, 358464040, 358464027, 358464018, 358464012, 635444052]",41
251,139,97797196,635444052,"[97797196, 97797098, 358464213, 358464212, 358464049, 358464040, 358464027, 358464018, 358464012, 635444052]",21
252,139,97797102,635444052,"[97797102, 6694885344, 515962403, 4056070360, 358464212, 358464049, 358464040, 358464027, 358464018, 358464012, 635444052]",112
253,140,5581434215,358465939,"[5581434215, 97788477, 97788471, 358465939]",235
254,140,516020362,358465939,"[516020362, 5581434217, 6910572379, 5581434215, 97788477, 97788471, 358465939]",221
255,140,516020362,97788471,"[516020362, 5581434217, 6910572379, 5581434215, 97788477, 97788471]",224
256,140,97788477,358465939,"[97788477, 97788471, 358465939]",259
257,140,6910572379,358465939,"[6910572379, 5581434215, 97788477, 97788471, 358465939]",223
258,140,5581434215,97788471,"[5581434215, 97788477, 97788471]",249
259,140,6910572379,97788471,"[6910572379, 5581434215, 97788477, 97788471]",235
260,141,6694885344,358464213,"[6694885344, 358464213]",5
261,141,6694885344,358464212,"[6694885344, 358464213, 358464212]",1
262,141,6694885344,358464174,"[6694885344, 358464213, 358464174]",1
263,142,515962403,358464040,"[515962403, 4056070360, 358464212, 358464049, 358464040]",115
264,142,5581434215,358464040,"[5581434215, 5921003579, 4056070360, 358464212, 358464049, 358464040]",1
265,142,4056070360,358464040,"[4056070360, 358464212, 358464049, 358464040]",118
266,143,4056070360,358464012,"[4056070360, 358464212, 358464049, 358464040, 358464027, 358464018, 358464012]",115
267,144,635122964,358465410,"[635122964, 358465186, 358465410]",14
268,145,635122964,358465943,"[635122964, 358465186, 6910572379, 5581434215, 5921003579, 4056070360, 358464212, 358464177, 2878357812, 516020349, 358465943]",6
269,146,250714944,635122988,"[250714944, 635122964, 358465186, 6910572379, 5581434215, 97788477, 97788216, 597677303, 961530639, 97788213, 95663402, 95663400, 95663631, 95663394, 635126483, 97788471, 358465410, 635122963, 635122988]",1
270,146,250714944,635122988,"[250714944, 635122964, 358465186, 6910572379, 5581434215, 97788477, 97788471, 358465410, 635122963, 635122988]",8
271,146,250714944,635122988,"[250714944, 635122964, 358465186, 358465410, 635122963, 635122988]",13
272,146,250714944,635122988,"[250714944, 635122964, 358465186, 6910572379, 5581434215, 97788477, 97788216, 597677303, 961530639, 97788213, 97788195, 97788192, 516020524, 962356679, 95663454, 95663467, 95663392, 95663400, 95663631, 95663394, 635126483, 97788471, 358465410, 635122963, 635122988]",4
273,146,250714944,635122988,"[250714944, 635122964, 358465186, 6910572379, 5581434215, 97788477, 97788216, 597677303, 961530639, 97788213, 97788195, 97788192, 516020524, 250714052, 250714050, 250714051, 262236447, 250720871, 7214467394, 363357735, 250714051, 262236447, 95663423, 95663422, 95663420, 962356679, 95663454, 95663467, 95663392, 95663400, 95663631, 95663394, 635126483, 97788471, 358465410, 635122963, 635122988]",1
274,147,250706414,250691670,"[250706414, 250691670]",42
275,148,250691669,250691723,"[250691669, 250691670, 250691723]",49
276,149,250691669,250692062,"[250691669, 250691670, 250691723, 250691755, 250692359, 250691739, 250691794, 250691793, 250692062]",1
277,150,250691668,250691724,"[250691668, 250691669, 250691670, 250691723, 250691724]",9
278,151,250691668,250691755,"[250691668, 250691669, 250691670, 250691723, 250691755]",38
279,152,250709582,250698924,"[250709582, 250691668, 250698924]",105
280,153,250709582,300400471,"[250709582, 250691668, 250691669, 250691670, 250691723, 250691755, 300401360, 250691753, 300400471]",5
281,153,250709582,250691753,"[250709582, 250691668, 250691669, 250691670, 250691723, 250691755, 250692359, 300401271, 300401174, 250691753]",2
282,153,250709582,250691753,"[250709582, 250691668, 250691669, 250691670, 250691723, 250691755, 300401360, 250691753]",34
283,154,250709582,250691752,"[250709582, 250691668, 250691669, 250691670, 250691723, 250691755, 300401360, 250691753, 250691752]",24
284,155,250698926,250699982,"[250698926, 250699982]",72
285,156,250699984,599116897,"[250699984, 250699362, 599116897]",21
286,157,250699984,8446047162,"[250699984, 250699362, 599116897, 250699613, 250699359, 8446047162]",19
287,158,250700083,250708051,"[250700083, 250708099, 250708051]",45
288,159,250699362,250708641,"[250699362, 250708641]",55
289,160,250700084,250720872,"[250700084, 250700083, 250699362, 599116897, 250699613, 250699612, 250698926, 250699982, 250699983, 250702474, 250700248, 250714051, 262236447, 250720871, 250720872]",3
290,161,250700084,250708556,"[250700084, 250700083, 250699362, 250708641, 250708556]",42
291,162,388172083,364104830,"[388172083, 250700085, 250700084, 388172051, 388172082, 250700339, 364104830]",2
292,163,97797093,97797098,"[97797093, 97797098]",29
293,164,97797093,635444052,"[97797093, 97797098, 358464213, 358464212, 358464049, 358464040, 358464027, 358464018, 358464012, 635444052]",3
294,165,358464213,358465939,"[358464213, 358464212, 358464177, 516020362, 5581434217, 6910572379, 5581434215, 97788477, 97788471, 358465939]",4
295,165,358464049,358465939,"[358464049, 358464040, 358464027, 358464159, 97797081, 97797051, 97797090, 97797093, 97797098, 358464213, 358464212, 358464177, 516020362, 5581434217, 6910572379, 5581434215, 97788477, 97788471, 358465939]",2
296,165,358464177,358465939,"[358464177, 516020362, 5581434217, 6910572379, 5581434215, 97788477, 97788216, 597677303, 961530639, 97788213, 95663402, 95663400, 95663631, 95663394, 635126483, 97788471, 358465939]",1
297,165,516020343,358465939,"[516020343, 358464177, 516020362, 5581434217, 6910572379, 5581434215, 97788477, 97788471, 358465939]",148
298,165,358464213,358465939,"[358464213, 358464212, 358464049, 358464040, 358464027, 358464159, 97797081, 97797051, 97797090, 97797093, 97797098, 358464213, 358464212, 358464177, 516020362, 5581434217, 6910572379, 5581434215, 97788477, 97788471, 358465939]",2
299,165,358464177,358465939,"[358464177, 516020362, 5581434217, 6910572379, 5581434215, 97788477, 97788471, 358465939]",189
300,166,358464174,5581434217,"[358464174, 358464166, 358464040, 625958232, 516020343, 358464177, 516020362, 5581434217]",1
301,167,358464174,358464040,"[358464174, 358464166, 358464040]",6
302,167,358464049,358464040,"[358464049, 358464040]",172
303,168,358464213,358464018,"[358464213, 358464174, 358464166, 358464040, 358464027, 358464018]",3
304,168,358464049,358464018,"[358464049, 358464040, 358464027, 358464018]",163
305,169,358464212,358464012,"[358464212, 358464049, 358464040, 358464027, 358464018, 358464012]",159
306,169,358464049,358464012,"[358464049, 358464040, 358464027, 358464018, 358464012]",161
307,170,2878357812,961484809,"[2878357812, 961484809]",3
308,171,250691724,4606062936,"[250691724, 250698924, 250698926, 250699982, 250691665, 250691666, 250709582, 4606062936]",1
309,172,250691724,250691668,"[250691724, 250698924, 250698926, 250699982, 250691665, 250691666, 250709582, 250691668]",10
310,173,250698924,250691666,"[250698924, 250698926, 250699982, 250691665, 250691666]",13
311,174,250698924,250709582,"[250698924, 250698926, 250699982, 250691665, 250691666, 250709582]",12
312,175,250699612,250699982,"[250699612, 250698926, 250699982]",50
313,176,250699612,250698926,"[250699612, 250698926]",64
314,176,250699613,250698926,"[250699613, 250699612, 250698926]",50
315,177,599116897,8446047162,"[599116897, 250699613, 250699359, 8446047162]",26
316,178,388172056,250663746,"[388172056, 250700083, 250699362, 599116897, 250699613, 250699612, 250698926, 250699982, 250699983, 250702474, 250700248, 250714051, 262236447, 250720871, 250720872, 250663746]",2
317,179,388172056,250699362,"[388172056, 250700083, 250699362]",22
318,180,388172056,250699711,"[388172056, 250700083, 250699362, 599116897, 250699711]",7
319,181,388172056,250699973,"[388172056, 250700083, 250699362, 599116897, 250699711, 250699973]",1
320,182,250706958,250708556,"[250706958, 388172056, 250700083, 250699362, 599116897, 250699711, 250708641, 250708556]",1
321,183,250712701,250700085,"[250712701, 250706959, 388172083, 250700085]",1
322,184,250700339,250706959,"[250700339, 250706959]",143
323,185,250700339,364104856,"[250700339, 364104830, 364104856]",34
324,186,97788219,97788216,"[97788219, 97797051, 358464166, 358464040, 625958232, 516020343, 358464177, 516020362, 5581434217, 6910572379, 5581434215, 97788477, 97788216]",1
325,187,97788219,97797197,"[97788219, 97797051, 97797090, 97797197]",6
326,187,97788219,97797186,"[97788219, 97797051, 97797090, 97797093, 97797186]",18
327,187,97788219,97797191,"[97788219, 97797051, 358464166, 358464159, 97797081, 97797051, 97797090, 97797093, 97797186, 97797191]",2
328,187,97788219,97797191,"[97788219, 97797051, 97797090, 97797093, 97797186, 97797191]",16
329,187,97788219,97797191,"[97788219, 97797051, 97797090, 97797093, 97797098, 358464213, 358464174, 97797093, 97797186, 97797191]",1
330,188,97788219,250713331,"[97788219, 97797051, 358464166, 358464040, 358464027, 358464018, 358464012, 250713331]",7
331,189,97797090,97797093,"[97797090, 97797093]",47
332,189,97797051,97797093,"[97797051, 97797090, 97797093]",45
333,190,358464166,358464159,"[358464166, 358464159]",6
334,190,358464166,358464159,"[358464166, 358464040, 358464027, 358464159]",1
335,190,97797051,358464159,"[97797051, 358464166, 358464159, 97797081, 97797051, 358464166, 358464159]",4
336,191,97797051,635444052,"[97797051, 97797090, 97797093, 97797098, 358464213, 358464174, 358464166, 358464040, 358464027, 358464018, 358464012, 635444052]",1
337,191,97797051,635444052,"[97797051, 358464166, 358464040, 358464027, 358464018, 358464012, 635444052]",8
338,191,358464166,635444052,"[358464166, 358464040, 358464027, 358464018, 358464012, 635444052]",13
339,192,358464040,358465939,"[358464040, 625958232, 516020343, 358464177, 516020362, 5581434217, 6910572379, 5581434215, 97788477, 97788471, 358465939]",23
340,192,625958232,358465939,"[625958232, 516020343, 358464177, 516020362, 5581434217, 6910572379, 5581434215, 97788477, 97788471, 358465939]",100
341,192,358464040,97788471,"[358464040, 625958232, 516020343, 358464177, 516020362, 5581434217, 6910572379, 5581434215, 97788477, 97788471]",24
342,193,625958232,97788477,"[625958232, 516020343, 358464177, 516020362, 5581434217, 6910572379, 5581434215, 97788477]",106
343,194,250691723,250691669,"[250691723, 250691724, 250691669]",11
344,195,250691723,250692062,"[250691723, 250691724, 250698924, 250698926, 250699982, 250699983, 250699984, 250699362, 599116897, 250699613, 250699359, 250691795, 300400470, 250691755, 250692359, 250691739, 250691794, 250691793, 250692062]",1
345,196,653971685,250691724,"[653971685, 250691724]",39
346,197,250709255,250698924,"[250709255, 653971690, 250698924]",9
347,197,250709255,250698924,"[250709255, 250691795, 300400470, 653971685, 653971690, 250698924]",3
348,197,653971690,250698924,"[653971690, 250698924]",28
349,198,250709255,300400470,"[250709255, 250691795, 300400470]",50
350,199,250709255,250691753,"[250709255, 250691795, 300400470, 250691755, 250692359, 300401271, 300401174, 250691753]",10
351,199,250709255,300400471,"[250709255, 250691795, 300400470, 250691755, 300401360, 250691753, 300400471]",3
352,199,250709255,250691753,"[250709255, 250691795, 300400470, 250691755, 300401360, 250691753]",26
353,200,250709255,250691752,"[250709255, 250691795, 300400470, 250691755, 300401360, 250691753, 250691752]",12
354,201,250691795,250692406,"[250691795, 250709255, 250691795, 250692406]",1
355,201,250691795,250692406,"[250691795, 250692406]",14
356,202,8446047162,250700142,"[8446047162, 250699614, 250699613, 250699612, 250698926, 250699982, 250699983, 250702474, 250700248, 250714051, 250700142]",2
357,203,8446047162,250699972,"[8446047162, 250699972]",326
358,204,250699711,250699362,"[250699711, 250708641, 250706958, 388172056, 250700083, 250699362]",6
359,204,250699711,250700083,"[250699711, 250708641, 250706958, 388172056, 250700083]",12
360,205,250699711,250699973,"[250699711, 250699973]",2
361,206,250708522,250720873,"[250708522, 364104825, 250706958, 388172056, 250700083, 250699362, 599116897, 250699613, 250699612, 250698926, 250699982, 250699983, 250702474, 250700248, 250714051, 262236447, 250720871, 250720872, 250720873]",1
362,207,364104825,250720872,"[364104825, 250706958, 388172056, 250700083, 250699362, 599116897, 250699613, 250699612, 250698926, 250699982, 250699983, 250702474, 250700248, 250714051, 262236447, 250720871, 250720872]",4
363,208,250708522,250720871,"[250708522, 364104825, 250706958, 388172056, 250700083, 250699362, 599116897, 250699613, 250699612, 250698926, 250699982, 250699983, 250702474, 250700248, 250714051, 262236447, 250720871]",2
364,208,364104825,250720871,"[364104825, 250706958, 388172056, 250700083, 250699362, 599116897, 250699613, 250699612, 250698926, 250699982, 250699983, 250702474, 250700248, 250714051, 262236447, 250720871]",6
365,209,250708522,262236447,"[250708522, 364104825, 250706958, 388172056, 250700083, 250699362, 599116897, 250699613, 250699612, 250698926, 250699982, 250699983, 250702474, 250700248, 250714051, 262236447]",3
366,209,364104825,262236447,"[364104825, 250706958, 388172056, 250700083, 250699362, 599116897, 250699613, 250699612, 250698926, 250699982, 250699983, 250702474, 250700248, 250714051, 262236447]",8
367,210,364104825,250714051,"[364104825, 250706958, 388172056, 250700083, 250699362, 599116897, 250699613, 250699612, 250698926, 250699982, 250699983, 250702474, 250700248, 250714051]",11
368,211,250708522,388172055,"[250708522, 364104825, 250706958, 388172056, 388172055]",2
369,211,364104825,388172055,"[364104825, 250706958, 388172056, 388172055]",7
370,211,364104825,388172051,"[364104825, 250706958, 388172056, 388172055, 388172051]",3
371,211,250708522,388172051,"[250708522, 364104825, 250706958, 388172056, 388172055, 388172051]",1
372,212,250708522,250706958,"[250708522, 364104825, 250706958]",24
373,212,250708522,388172075,"[250708522, 364104825, 250706958, 388172075]",5
374,212,364104825,388172075,"[364104825, 250706958, 388172075]",12
375,212,364104825,250706958,"[364104825, 250706958]",52
376,212,250708522,250706958,"[250708522, 364104825, 250706958, 388172056, 250700083, 250699362, 599116897, 250699711, 250708641, 250706958]",1
377,213,250713331,97788769,"[250713331, 97797086, 97797081, 97788769]",2
378,214,97797086,97797102,"[97797086, 97797081, 97797051, 97797090, 97797093, 97797098, 97797102]",5
379,214,97797086,97797098,"[97797086, 97797081, 97797051, 97797090, 97797093, 97797098]",18
380,215,97797086,97797093,"[97797086, 97797081, 97797051, 97797090, 97797093]",23
381,216,97797086,97797051,"[97797086, 97797081, 97797051, 97797090, 97797093, 97797186, 97797196, 97797098, 358464213, 358464174, 358464166, 358464159, 97797081, 97797051]",1
382,216,358464159,97797051,"[358464159, 97797081, 97797051]",7
383,216,97797086,97797090,"[97797086, 97797081, 97797051, 97797090]",28
384,216,97797086,97797051,"[97797086, 97797081, 97797051]",41
385,216,97797086,358464166,"[97797086, 97797081, 97797051, 97797090, 97797093, 97797098, 358464213, 358464174, 358464166]",4
386,216,97797086,358464166,"[97797086, 97797081, 97797051, 358464166]",8
387,217,97797086,635444052,"[97797086, 358464018, 358464012, 635444052]",18
388,217,97797086,635444052,"[97797086, 97797081, 97797051, 97797090, 97797093, 97797098, 358464213, 358464212, 358464049, 358464040, 358464027, 358464018, 358464012, 635444052]",1
389,218,358464027,358464012,"[358464027, 358464018, 358464012]",185
390,219,250691847,250691272,"[250691847, 2511789008, 7384331753, 42240105, 250691272]",16
391,219,250691847,250691272,"[250691847, 954712407, 2511789008, 7384331753, 42240105, 250691272]",7
392,219,954712407,250691272,"[954712407, 6220792258, 954712407, 250691827, 3339821648, 250691723, 250691724, 250698924, 250698926, 250699982, 250691665, 250691666, 250709582, 250691668, 250691669, 250691670, 42240105, 250691272]",2
393,219,954712407,250691272,"[954712407, 6220792258, 954712407, 6220792258, 954712407, 250691827, 3339821648, 250691723, 250691724, 250698924, 250698926, 250699982, 250691665, 250691666, 250709582, 250691668, 250691669, 250691670, 42240105, 250691272]",2
394,219,954712428,250691272,"[954712428, 250691847, 2511789008, 250691827, 3339821648, 250691723, 250691724, 250698924, 250698926, 250699982, 250691665, 250691666, 250709582, 250691668, 250691669, 250691670, 42240105, 250691272]",1
395,219,7384331753,42240105,"[7384331753, 42240105]",1447
396,219,250691847,250691272,"[250691847, 2511789008, 250691827, 3339821648, 250691723, 250691724, 250698924, 250698926, 250699982, 250699983, 250702474, 250700248, 250714051, 250700142, 250700344, 250691664, 250691665, 250691666, 250709582, 250691668, 250691669, 250691670, 42240105, 250691272]",1
397,219,2511789008,250691272,"[2511789008, 250691827, 3339821648, 250691723, 250691724, 250698924, 250698926, 250699982, 250691665, 250691666, 250709582, 250691668, 250691669, 250691670, 42240105, 250691272]",5
398,219,2511789008,250691272,"[2511789008, 7384331753, 42240105, 250691272]",778
399,219,954712407,250691272,"[954712407, 250691827, 3339821648, 250691723, 250691724, 250698924, 250698926, 250699982, 250699983, 250702474, 250700248, 250714051, 250700142, 250700344, 250691664, 250691665, 250691666, 250709582, 250691668, 250691669, 250691670, 42240105, 250691272]",1
400,219,250691847,250691272,"[250691847, 2511789008, 250691827, 3339821648, 250691723, 250691724, 250698924, 250698926, 250699982, 250691665, 250691666, 250709582, 250691668, 250691669, 250691670, 42240105, 250691272]",4
401,219,954712407,42240105,"[954712407, 6220792258, 954712407, 2511789008, 7384331753, 42240105]",339
402,219,954712407,42240105,"[954712407, 2511789008, 7384331753, 42240105]",801
403,219,2511789008,42240105,"[2511789008, 7384331753, 42240105]",894
404,219,250691847,42240105,"[250691847, 2511789008, 7384331753, 42240105]",18
405,219,954712428,250691272,"[954712428, 7384331753, 42240105, 250691272]",175
406,219,7384331753,250691272,"[7384331753, 42240105, 250691272]",1270
407,219,954712407,250691272,"[954712407, 6220792258, 954712407, 2511789008, 7384331753, 42240105, 250691272]",287
408,219,954712407,250691272,"[954712407, 2511789008, 7384331753, 42240105, 250691272]",696
409,219,954712428,42240105,"[954712428, 7384331753, 42240105]",209
410,220,2511789008,6220792258,"[2511789008, 250691827, 3339821648, 250691723, 250691755, 250692359, 250691739, 250691794, 250691793, 6220792260, 6220792258]",22
411,220,250691847,6220792258,"[250691847, 954712407, 6220792258]",228
412,220,954712407,6220792258,"[954712407, 6220792258, 954712407, 250691827, 3339821648, 250691723, 250691755, 250692359, 250691739, 250691794, 250691793, 6220792260, 6220792258]",15
413,220,954712428,6220792258,"[954712428, 250691847, 2511789008, 250691827, 3339821648, 250691723, 250691755, 250692359, 250691739, 250691794, 250691793, 6220792260, 6220792258]",9
414,220,954712428,6220792258,"[954712428, 250691847, 954712407, 6220792258]",225
415,220,954712407,6220792258,"[954712407, 250691827, 3339821648, 250691723, 250691755, 250692359, 250691739, 250691794, 250691793, 6220792260, 6220792258]",15
416,220,250691847,6220792258,"[250691847, 2511789008, 250691827, 3339821648, 250691723, 250691755, 250692359, 250691739, 250691794, 250691793, 6220792260, 6220792258]",13
417,220,954712407,6220792258,"[954712407, 2511789008, 250691827, 3339821648, 250691723, 250691755, 250692359, 250691739, 250691794, 250691793, 6220792260, 6220792258]",3
418,221,250691755,300401271,"[250691755, 250692359, 300401271]",14
419,221,250691755,300401360,"[250691755, 300401360]",69
420,222,250691755,300401174,"[250691755, 250692359, 300401271, 300401174]",13
421,223,300400470,250698924,"[300400470, 653971685, 653971690, 250698924]",8
422,224,300400470,300400471,"[300400470, 250691755, 300401360, 250691753, 300400471]",9
423,225,300400470,250691752,"[300400470, 250691755, 300401360, 250691753, 250691752]",17
424,226,250692406,6376633339,"[250692406, 300400248, 8446047162, 250699614, 250699711, 250708641, 250706958, 388172056, 250700083, 250699362, 599116897, 250699613, 250699612, 250698926, 250699982, 250691665, 6376633339]",1
425,226,250692406,6376633339,"[250692406, 300400248, 8446047162, 250699614, 250699613, 250699612, 250698926, 250699982, 250691665, 6376633339]",5
426,227,250692406,250691795,"[250692406, 300400248, 8446047162, 250699614, 250699613, 250699359, 250691795]",11
427,227,250692406,250691795,"[250692406, 300400248, 8446047162, 250699614, 250699711, 250708641, 250706958, 388172056, 250700083, 250699362, 599116897, 250699613, 250699359, 250691795]",2
428,228,300400248,250691664,"[300400248, 8446047162, 250699614, 250699613, 250699612, 250698926, 250699982, 250699983, 250702474, 250700248, 250714051, 250700142, 250700344, 250691664]",1
429,229,300400248,250698926,"[300400248, 8446047162, 250699614, 250699613, 250699612, 250698926]",10
430,230,300400248,250699613,"[300400248, 8446047162, 250699614, 250699613]",24
431,231,250699615,250663746,"[250699615, 250699614, 250699613, 250699612, 250698926, 250699982, 250699983, 250702474, 250700248, 250714051, 262236447, 250720871, 250720872, 250663746]",10
432,231,250699615,1003481221,"[250699615, 250699614, 250699613, 250699612, 250698926, 250699982, 250699983, 250702474, 250700248, 250714051, 262236447, 250720871, 7214467394, 1003481221]",3
433,232,250699615,250700248,"[250699615, 250699614, 250699613, 250699612, 250698926, 250699982, 250699983, 250702474, 250700248]",15
434,233,250699615,250708051,"[250699615, 250699614, 250699613, 250699612, 250698926, 250699982, 250699983, 250699984, 250708099, 250708051]",1
435,233,250699615,250700343,"[250699615, 250699614, 250699613, 250699612, 250698926, 250699982, 250699983, 250702474, 250700248, 250700343]",1
436,234,250699615,250699362,"[250699615, 250699614, 250699613, 250699612, 250698926, 250699982, 250699983, 250699984, 250699362]",6
437,234,250699615,250700083,"[250699615, 250699614, 250699711, 250708641, 250706958, 388172056, 250700083]",4
438,235,250699615,388172056,"[250699615, 250699614, 250699711, 250708641, 250706958, 388172056]",6
439,235,250699615,250708641,"[250699615, 250699614, 250699711, 250708641]",9
440,236,250699615,250699711,"[250699615, 250699614, 250699711]",14
441,237,631608665,97788471,"[631608665, 625958232, 516020343, 358464177, 516020362, 5581434217, 6910572379, 5581434215, 97788477, 97788471]",28
442,237,631608665,358465939,"[631608665, 625958232, 516020343, 358464177, 516020362, 5581434217, 6910572379, 5581434215, 97788477, 97788471, 358465939]",27
443,238,6220792258,954712407,"[6220792258, 954712407]",587
444,238,6220792258,250691827,"[6220792258, 954712407, 250691827]",19
445,239,250691793,250692062,"[250691793, 250692062]",65
446,239,250692359,250692062,"[250692359, 300401271, 300401270, 250692062]",1
447,239,250692359,250692062,"[250692359, 250691739, 250691794, 250691793, 250692062]",3
448,239,250691794,250692062,"[250691794, 250691793, 250692062]",64
449,239,250691739,250692062,"[250691739, 250691794, 250691793, 250692062]",61
450,240,300400471,250698924,"[300400471, 300400470, 653971685, 653971690, 250698924]",4
451,240,300400471,250698924,"[300400471, 300400470, 653971685, 250691724, 250698924]",3
452,241,300400471,653971690,"[300400471, 300400470, 653971685, 653971690]",5
453,242,300400471,300400470,"[300400471, 300400470]",113
454,242,250691753,300400470,"[250691753, 300400471, 300400470]",10
455,243,250691753,250691752,"[250691753, 250691752]",42
456,243,300400471,250691752,"[300400471, 300400470, 250691755, 300401360, 250691753, 250691752]",3
457,244,300400247,250699613,"[300400247, 300400248, 8446047162, 250699614, 250699613]",2
458,245,300400247,300400248,"[300400247, 300400248]",3
459,246,358464361,95663394,"[358464361, 631608665, 625958232, 516020343, 358464177, 516020362, 5581434217, 6910572379, 5581434215, 97788477, 97788216, 597677303, 961530639, 97788213, 95663402, 95663400, 95663631, 95663394]",2
